--
-- PostgreSQL database dump
--

-- Dumped from database version 12.22 (Ubuntu 12.22-0ubuntu0.20.04.1)
-- Dumped by pg_dump version 12.22 (Ubuntu 12.22-0ubuntu0.20.04.1)

SET statement_timeout = 0;
SET lock_timeout = 0;
SET idle_in_transaction_session_timeout = 0;
SET client_encoding = 'LATIN1';
SET standard_conforming_strings = on;
SELECT pg_catalog.set_config('search_path', '', false);
SET check_function_bodies = false;
SET xmloption = content;
SET client_min_messages = warning;
SET row_security = off;

SET default_tablespace = '';

SET default_table_access_method = heap;

--
-- Name: auth_group; Type: TABLE; Schema: public; Owner: arenapadel
--

CREATE TABLE public.auth_group (
    id integer NOT NULL,
    name character varying(150) NOT NULL
);


ALTER TABLE public.auth_group OWNER TO arenapadel;

--
-- Name: auth_group_id_seq; Type: SEQUENCE; Schema: public; Owner: arenapadel
--

ALTER TABLE public.auth_group ALTER COLUMN id ADD GENERATED BY DEFAULT AS IDENTITY (
    SEQUENCE NAME public.auth_group_id_seq
    START WITH 1
    INCREMENT BY 1
    NO MINVALUE
    NO MAXVALUE
    CACHE 1
);


--
-- Name: auth_group_permissions; Type: TABLE; Schema: public; Owner: arenapadel
--

CREATE TABLE public.auth_group_permissions (
    id bigint NOT NULL,
    group_id integer NOT NULL,
    permission_id integer NOT NULL
);


ALTER TABLE public.auth_group_permissions OWNER TO arenapadel;

--
-- Name: auth_group_permissions_id_seq; Type: SEQUENCE; Schema: public; Owner: arenapadel
--

ALTER TABLE public.auth_group_permissions ALTER COLUMN id ADD GENERATED BY DEFAULT AS IDENTITY (
    SEQUENCE NAME public.auth_group_permissions_id_seq
    START WITH 1
    INCREMENT BY 1
    NO MINVALUE
    NO MAXVALUE
    CACHE 1
);


--
-- Name: auth_permission; Type: TABLE; Schema: public; Owner: arenapadel
--

CREATE TABLE public.auth_permission (
    id integer NOT NULL,
    name character varying(255) NOT NULL,
    content_type_id integer NOT NULL,
    codename character varying(100) NOT NULL
);


ALTER TABLE public.auth_permission OWNER TO arenapadel;

--
-- Name: auth_permission_id_seq; Type: SEQUENCE; Schema: public; Owner: arenapadel
--

ALTER TABLE public.auth_permission ALTER COLUMN id ADD GENERATED BY DEFAULT AS IDENTITY (
    SEQUENCE NAME public.auth_permission_id_seq
    START WITH 1
    INCREMENT BY 1
    NO MINVALUE
    NO MAXVALUE
    CACHE 1
);


--
-- Name: django_admin_log; Type: TABLE; Schema: public; Owner: arenapadel
--

CREATE TABLE public.django_admin_log (
    id integer NOT NULL,
    action_time timestamp with time zone NOT NULL,
    object_id text,
    object_repr character varying(200) NOT NULL,
    action_flag smallint NOT NULL,
    change_message text NOT NULL,
    content_type_id integer,
    user_id bigint NOT NULL,
    CONSTRAINT django_admin_log_action_flag_check CHECK ((action_flag >= 0))
);


ALTER TABLE public.django_admin_log OWNER TO arenapadel;

--
-- Name: django_admin_log_id_seq; Type: SEQUENCE; Schema: public; Owner: arenapadel
--

ALTER TABLE public.django_admin_log ALTER COLUMN id ADD GENERATED BY DEFAULT AS IDENTITY (
    SEQUENCE NAME public.django_admin_log_id_seq
    START WITH 1
    INCREMENT BY 1
    NO MINVALUE
    NO MAXVALUE
    CACHE 1
);


--
-- Name: django_content_type; Type: TABLE; Schema: public; Owner: arenapadel
--

CREATE TABLE public.django_content_type (
    id integer NOT NULL,
    app_label character varying(100) NOT NULL,
    model character varying(100) NOT NULL
);


ALTER TABLE public.django_content_type OWNER TO arenapadel;

--
-- Name: django_content_type_id_seq; Type: SEQUENCE; Schema: public; Owner: arenapadel
--

ALTER TABLE public.django_content_type ALTER COLUMN id ADD GENERATED BY DEFAULT AS IDENTITY (
    SEQUENCE NAME public.django_content_type_id_seq
    START WITH 1
    INCREMENT BY 1
    NO MINVALUE
    NO MAXVALUE
    CACHE 1
);


--
-- Name: django_migrations; Type: TABLE; Schema: public; Owner: arenapadel
--

CREATE TABLE public.django_migrations (
    id bigint NOT NULL,
    app character varying(255) NOT NULL,
    name character varying(255) NOT NULL,
    applied timestamp with time zone NOT NULL
);


ALTER TABLE public.django_migrations OWNER TO arenapadel;

--
-- Name: django_migrations_id_seq; Type: SEQUENCE; Schema: public; Owner: arenapadel
--

ALTER TABLE public.django_migrations ALTER COLUMN id ADD GENERATED BY DEFAULT AS IDENTITY (
    SEQUENCE NAME public.django_migrations_id_seq
    START WITH 1
    INCREMENT BY 1
    NO MINVALUE
    NO MAXVALUE
    CACHE 1
);


--
-- Name: django_session; Type: TABLE; Schema: public; Owner: arenapadel
--

CREATE TABLE public.django_session (
    session_key character varying(40) NOT NULL,
    session_data text NOT NULL,
    expire_date timestamp with time zone NOT NULL
);


ALTER TABLE public.django_session OWNER TO arenapadel;

--
-- Name: payments_payment; Type: TABLE; Schema: public; Owner: arenapadel
--

CREATE TABLE public.payments_payment (
    id bigint NOT NULL,
    amount numeric(10,2) NOT NULL,
    payment_method character varying(20) NOT NULL,
    status character varying(20) NOT NULL,
    transaction_id character varying(255),
    proof_of_payment character varying(100),
    created_at timestamp with time zone NOT NULL,
    updated_at timestamp with time zone NOT NULL,
    notes text NOT NULL,
    reservation_id bigint NOT NULL,
    user_id bigint NOT NULL
);


ALTER TABLE public.payments_payment OWNER TO arenapadel;

--
-- Name: payments_payment_id_seq; Type: SEQUENCE; Schema: public; Owner: arenapadel
--

ALTER TABLE public.payments_payment ALTER COLUMN id ADD GENERATED BY DEFAULT AS IDENTITY (
    SEQUENCE NAME public.payments_payment_id_seq
    START WITH 1
    INCREMENT BY 1
    NO MINVALUE
    NO MAXVALUE
    CACHE 1
);


--
-- Name: reservations_court; Type: TABLE; Schema: public; Owner: arenapadel
--

CREATE TABLE public.reservations_court (
    id bigint NOT NULL,
    name character varying(50) NOT NULL,
    number integer NOT NULL,
    is_active boolean NOT NULL,
    hourly_rate numeric(10,2) NOT NULL
);


ALTER TABLE public.reservations_court OWNER TO arenapadel;

--
-- Name: reservations_court_id_seq; Type: SEQUENCE; Schema: public; Owner: arenapadel
--

ALTER TABLE public.reservations_court ALTER COLUMN id ADD GENERATED BY DEFAULT AS IDENTITY (
    SEQUENCE NAME public.reservations_court_id_seq
    START WITH 1
    INCREMENT BY 1
    NO MINVALUE
    NO MAXVALUE
    CACHE 1
);


--
-- Name: reservations_reservation; Type: TABLE; Schema: public; Owner: arenapadel
--

CREATE TABLE public.reservations_reservation (
    id bigint NOT NULL,
    start_time timestamp with time zone NOT NULL,
    end_time timestamp with time zone NOT NULL,
    status character varying(20) NOT NULL,
    created_at timestamp with time zone NOT NULL,
    updated_at timestamp with time zone NOT NULL,
    total_price numeric(10,2) NOT NULL,
    court_id bigint NOT NULL,
    user_id bigint NOT NULL
);


ALTER TABLE public.reservations_reservation OWNER TO arenapadel;

--
-- Name: reservations_reservation_id_seq; Type: SEQUENCE; Schema: public; Owner: arenapadel
--

ALTER TABLE public.reservations_reservation ALTER COLUMN id ADD GENERATED BY DEFAULT AS IDENTITY (
    SEQUENCE NAME public.reservations_reservation_id_seq
    START WITH 1
    INCREMENT BY 1
    NO MINVALUE
    NO MAXVALUE
    CACHE 1
);


--
-- Name: users_user; Type: TABLE; Schema: public; Owner: arenapadel
--

CREATE TABLE public.users_user (
    id bigint NOT NULL,
    password character varying(128) NOT NULL,
    last_login timestamp with time zone,
    is_superuser boolean NOT NULL,
    username character varying(150) NOT NULL,
    first_name character varying(150) NOT NULL,
    last_name character varying(150) NOT NULL,
    email character varying(254) NOT NULL,
    is_staff boolean NOT NULL,
    is_active boolean NOT NULL,
    date_joined timestamp with time zone NOT NULL,
    whatsapp character varying(20) NOT NULL,
    document_id character varying(20) NOT NULL,
    document_type character varying(10) NOT NULL
);


ALTER TABLE public.users_user OWNER TO arenapadel;

--
-- Name: users_user_groups; Type: TABLE; Schema: public; Owner: arenapadel
--

CREATE TABLE public.users_user_groups (
    id bigint NOT NULL,
    user_id bigint NOT NULL,
    group_id integer NOT NULL
);


ALTER TABLE public.users_user_groups OWNER TO arenapadel;

--
-- Name: users_user_groups_id_seq; Type: SEQUENCE; Schema: public; Owner: arenapadel
--

ALTER TABLE public.users_user_groups ALTER COLUMN id ADD GENERATED BY DEFAULT AS IDENTITY (
    SEQUENCE NAME public.users_user_groups_id_seq
    START WITH 1
    INCREMENT BY 1
    NO MINVALUE
    NO MAXVALUE
    CACHE 1
);


--
-- Name: users_user_id_seq; Type: SEQUENCE; Schema: public; Owner: arenapadel
--

ALTER TABLE public.users_user ALTER COLUMN id ADD GENERATED BY DEFAULT AS IDENTITY (
    SEQUENCE NAME public.users_user_id_seq
    START WITH 1
    INCREMENT BY 1
    NO MINVALUE
    NO MAXVALUE
    CACHE 1
);


--
-- Name: users_user_user_permissions; Type: TABLE; Schema: public; Owner: arenapadel
--

CREATE TABLE public.users_user_user_permissions (
    id bigint NOT NULL,
    user_id bigint NOT NULL,
    permission_id integer NOT NULL
);


ALTER TABLE public.users_user_user_permissions OWNER TO arenapadel;

--
-- Name: users_user_user_permissions_id_seq; Type: SEQUENCE; Schema: public; Owner: arenapadel
--

ALTER TABLE public.users_user_user_permissions ALTER COLUMN id ADD GENERATED BY DEFAULT AS IDENTITY (
    SEQUENCE NAME public.users_user_user_permissions_id_seq
    START WITH 1
    INCREMENT BY 1
    NO MINVALUE
    NO MAXVALUE
    CACHE 1
);


--
-- Data for Name: auth_group; Type: TABLE DATA; Schema: public; Owner: arenapadel
--

COPY public.auth_group (id, name) FROM stdin;
\.


--
-- Data for Name: auth_group_permissions; Type: TABLE DATA; Schema: public; Owner: arenapadel
--

COPY public.auth_group_permissions (id, group_id, permission_id) FROM stdin;
\.


--
-- Data for Name: auth_permission; Type: TABLE DATA; Schema: public; Owner: arenapadel
--

COPY public.auth_permission (id, name, content_type_id, codename) FROM stdin;
1	Can add log entry	1	add_logentry
2	Can change log entry	1	change_logentry
3	Can delete log entry	1	delete_logentry
4	Can view log entry	1	view_logentry
5	Can add permission	2	add_permission
6	Can change permission	2	change_permission
7	Can delete permission	2	delete_permission
8	Can view permission	2	view_permission
9	Can add group	3	add_group
10	Can change group	3	change_group
11	Can delete group	3	delete_group
12	Can view group	3	view_group
13	Can add content type	4	add_contenttype
14	Can change content type	4	change_contenttype
15	Can delete content type	4	delete_contenttype
16	Can view content type	4	view_contenttype
17	Can add session	5	add_session
18	Can change session	5	change_session
19	Can delete session	5	delete_session
20	Can view session	5	view_session
21	Can add user	6	add_user
22	Can change user	6	change_user
23	Can delete user	6	delete_user
24	Can view user	6	view_user
25	Can add court	7	add_court
26	Can change court	7	change_court
27	Can delete court	7	delete_court
28	Can view court	7	view_court
29	Can add reservation	8	add_reservation
30	Can change reservation	8	change_reservation
31	Can delete reservation	8	delete_reservation
32	Can view reservation	8	view_reservation
33	Can add payment	9	add_payment
34	Can change payment	9	change_payment
35	Can delete payment	9	delete_payment
36	Can view payment	9	view_payment
\.


--
-- Data for Name: django_admin_log; Type: TABLE DATA; Schema: public; Owner: arenapadel
--

COPY public.django_admin_log (id, action_time, object_id, object_repr, action_flag, change_message, content_type_id, user_id) FROM stdin;
1	2025-01-19 02:45:17.73259+00	12	Arena 12	2	[{"changed": {"fields": ["Active"]}}]	7	1
2	2025-01-19 02:45:28.070527+00	11	Arena 11	2	[{"changed": {"fields": ["Active"]}}]	7	1
\.


--
-- Data for Name: django_content_type; Type: TABLE DATA; Schema: public; Owner: arenapadel
--

COPY public.django_content_type (id, app_label, model) FROM stdin;
1	admin	logentry
2	auth	permission
3	auth	group
4	contenttypes	contenttype
5	sessions	session
6	users	user
7	reservations	court
8	reservations	reservation
9	payments	payment
\.


--
-- Data for Name: django_migrations; Type: TABLE DATA; Schema: public; Owner: arenapadel
--

COPY public.django_migrations (id, app, name, applied) FROM stdin;
1	contenttypes	0001_initial	2025-01-18 16:12:27.789193+00
2	contenttypes	0002_remove_content_type_name	2025-01-18 16:12:27.793877+00
3	auth	0001_initial	2025-01-18 16:12:27.818089+00
4	auth	0002_alter_permission_name_max_length	2025-01-18 16:12:27.822659+00
5	auth	0003_alter_user_email_max_length	2025-01-18 16:12:27.825758+00
6	auth	0004_alter_user_username_opts	2025-01-18 16:12:27.829092+00
7	auth	0005_alter_user_last_login_null	2025-01-18 16:12:27.832188+00
8	auth	0006_require_contenttypes_0002	2025-01-18 16:12:27.833339+00
9	auth	0007_alter_validators_add_error_messages	2025-01-18 16:12:27.836669+00
10	auth	0008_alter_user_username_max_length	2025-01-18 16:12:27.839888+00
11	auth	0009_alter_user_last_name_max_length	2025-01-18 16:12:27.843111+00
12	auth	0010_alter_group_name_max_length	2025-01-18 16:12:27.846784+00
13	auth	0011_update_proxy_permissions	2025-01-18 16:12:27.850029+00
14	auth	0012_alter_user_first_name_max_length	2025-01-18 16:12:27.853205+00
15	users	0001_initial	2025-01-18 16:12:27.878295+00
16	admin	0001_initial	2025-01-18 16:12:27.893861+00
17	admin	0002_logentry_remove_auto_add	2025-01-18 16:12:27.89866+00
18	admin	0003_logentry_add_action_flag_choices	2025-01-18 16:12:27.903284+00
19	reservations	0001_initial	2025-01-18 16:12:27.913366+00
20	payments	0001_initial	2025-01-18 16:12:27.918577+00
21	payments	0002_initial	2025-01-18 16:12:27.924441+00
22	payments	0003_initial	2025-01-18 16:12:27.932887+00
23	reservations	0002_initial	2025-01-18 16:12:27.941954+00
24	sessions	0001_initial	2025-01-18 16:12:27.949352+00
25	users	0002_alter_user_document_id_alter_user_whatsapp	2025-01-18 16:12:27.961247+00
\.


--
-- Data for Name: django_session; Type: TABLE DATA; Schema: public; Owner: arenapadel
--

COPY public.django_session (session_key, session_data, expire_date) FROM stdin;
ndyk52f7w2xasl39jmmythmo7rm9lgrq	.eJxVjMEOwiAQBf-FsyHAUigevfcbCLCsVA0kpT0Z_9026UGvb-bNm_mwrcVvPS9-RnZlkl1-txjSM9cD4CPUe-Op1XWZIz8UftLOp4b5dTvdv0AJvexvp0gIABGDAQIrtDEZQaIFTc5lZ7TFISrrlCK5Z60cycA4JDIiKwT2-QK81zcd:1tZLjW:1miFwLwlbO8IhxJ23hm5k1g3WgauhwCYyXRB2LQ0LbE	2025-02-02 03:12:18.093462+00
trjltmmsy8cn36myfniv28j7k6ozcnai	e30:1tZmVL:R9omwviQc6aE2hWh6IRx6WrxJCSbq1odYsH7KL7qzqw	2025-02-03 07:47:27.426439+00
5l6eym0jdjw30m319sjenwlbh23umx4n	e30:1tZmWf:bF1zjxZclEE_ZbLYwnmwvGSBRgnrfuX73i7XXO9ob0c	2025-02-03 07:48:49.750902+00
\.


--
-- Data for Name: payments_payment; Type: TABLE DATA; Schema: public; Owner: arenapadel
--

COPY public.payments_payment (id, amount, payment_method, status, transaction_id, proof_of_payment, created_at, updated_at, notes, reservation_id, user_id) FROM stdin;
\.


--
-- Data for Name: reservations_court; Type: TABLE DATA; Schema: public; Owner: arenapadel
--

COPY public.reservations_court (id, name, number, is_active, hourly_rate) FROM stdin;
1	Arena 1	1	t	15.00
2	Arena 2	2	t	15.00
3	Arena 3	3	t	15.00
4	Arena 4	4	t	15.00
5	Arena 5	5	t	15.00
6	Arena 6	6	t	15.00
7	Arena 7	7	t	15.00
8	Arena 8	8	t	15.00
9	Arena 9	9	t	15.00
10	Arena 10	10	t	15.00
12	Arena 12	12	f	15.00
11	Arena 11	11	f	15.00
\.


--
-- Data for Name: reservations_reservation; Type: TABLE DATA; Schema: public; Owner: arenapadel
--

COPY public.reservations_reservation (id, start_time, end_time, status, created_at, updated_at, total_price, court_id, user_id) FROM stdin;
1	2025-01-21 18:00:00+00	2025-01-21 19:00:00+00	confirmed	2025-01-19 02:48:13.962483+00	2025-01-19 02:48:13.962489+00	15.00	2	1
2	2025-01-29 15:00:00+00	2025-01-29 16:00:00+00	confirmed	2025-01-19 02:51:08.117591+00	2025-01-19 02:51:08.117595+00	15.00	9	2
3	2025-01-20 13:00:00+00	2025-01-20 14:00:00+00	confirmed	2025-01-19 03:00:22.738621+00	2025-01-19 03:00:22.738629+00	15.00	1	2
4	2025-01-20 14:00:06.230197+00	2025-01-20 15:00:06.230197+00	confirmed	2025-01-19 03:10:06.329575+00	2025-01-19 03:10:06.329581+00	15.00	1	2
5	2025-01-24 14:00:00+00	2025-01-24 15:00:00+00	confirmed	2025-01-19 05:46:49.518907+00	2025-01-19 05:46:49.518912+00	15.00	2	1
6	2025-01-25 22:00:00+00	2025-01-25 23:00:00+00	confirmed	2025-01-19 05:48:11.133763+00	2025-01-19 05:48:11.13377+00	15.00	7	1
7	2025-01-24 14:00:00+00	2025-01-24 15:00:00+00	confirmed	2025-01-19 06:14:35.357716+00	2025-01-19 06:14:35.357722+00	15.00	3	1
8	2025-01-22 13:00:00+00	2025-01-22 14:00:00+00	confirmed	2025-01-19 15:18:51.930984+00	2025-01-19 15:18:51.93099+00	15.00	3	1
9	2025-01-22 16:00:00+00	2025-01-22 17:00:00+00	confirmed	2025-01-19 16:42:25.193921+00	2025-01-19 16:42:25.193926+00	15.00	2	1
10	2025-01-23 13:00:00+00	2025-01-23 14:00:00+00	confirmed	2025-01-19 16:51:32.820463+00	2025-01-19 16:51:32.820469+00	15.00	2	1
11	2025-01-21 19:00:00+00	2025-01-21 20:00:00+00	confirmed	2025-01-19 16:58:53.911968+00	2025-01-19 16:58:53.911973+00	15.00	7	1
12	2025-02-04 12:00:00+00	2025-02-04 13:00:00+00	confirmed	2025-01-19 17:20:10.669978+00	2025-01-19 17:20:10.669984+00	15.00	2	1
13	2025-01-27 16:00:00+00	2025-01-27 17:00:00+00	confirmed	2025-01-19 17:21:18.585935+00	2025-01-19 17:21:18.585941+00	15.00	6	1
14	2025-01-27 16:00:00+00	2025-01-27 17:00:00+00	confirmed	2025-01-19 17:27:18.521373+00	2025-01-19 17:27:18.521379+00	15.00	3	1
15	2025-01-30 23:00:00+00	2025-01-31 00:00:00+00	confirmed	2025-01-19 17:27:52.191297+00	2025-01-19 17:27:52.191303+00	15.00	4	1
16	2025-01-24 16:00:00+00	2025-01-24 17:00:00+00	confirmed	2025-01-19 21:11:33.925552+00	2025-01-19 21:11:33.925558+00	15.00	2	1
17	2025-02-01 14:00:00+00	2025-02-01 15:00:00+00	confirmed	2025-01-19 21:12:32.691633+00	2025-01-19 21:12:32.69164+00	15.00	1	1
18	2025-01-28 19:00:00+00	2025-01-28 20:00:00+00	confirmed	2025-01-19 21:30:30.420008+00	2025-01-19 21:30:30.420014+00	15.00	8	1
19	2025-03-06 11:00:00+00	2025-03-06 12:00:00+00	confirmed	2025-01-19 21:36:03.473422+00	2025-01-19 21:36:03.473427+00	15.00	1	1
20	2025-01-22 20:00:00+00	2025-01-22 21:00:00+00	confirmed	2025-01-20 03:08:46.031615+00	2025-01-20 03:08:46.031621+00	15.00	8	1
21	2025-01-25 15:00:00+00	2025-01-25 16:00:00+00	confirmed	2025-01-20 03:20:15.162915+00	2025-01-20 03:20:15.162922+00	15.00	7	1
22	2025-02-07 15:00:00+00	2025-02-07 16:00:00+00	confirmed	2025-01-20 03:30:13.329494+00	2025-01-20 03:30:13.3295+00	15.00	2	1
23	2025-01-31 19:00:00+00	2025-01-31 20:00:00+00	confirmed	2025-01-20 06:33:38.890074+00	2025-01-20 06:33:38.89008+00	15.00	2	1
24	2025-01-24 19:00:00+00	2025-01-24 20:00:00+00	confirmed	2025-01-20 06:36:03.189463+00	2025-01-20 06:36:03.189469+00	15.00	4	1
25	2025-01-26 11:00:00+00	2025-01-26 12:00:00+00	confirmed	2025-01-20 06:43:40.215813+00	2025-01-20 06:43:40.215818+00	15.00	2	1
26	2025-01-26 12:00:00+00	2025-01-26 13:00:00+00	confirmed	2025-01-20 06:44:25.193811+00	2025-01-20 06:44:25.193817+00	15.00	2	1
27	2025-01-25 15:00:00+00	2025-01-25 16:00:00+00	confirmed	2025-01-20 14:06:39.533375+00	2025-01-20 14:06:39.533381+00	15.00	5	1
\.


--
-- Data for Name: users_user; Type: TABLE DATA; Schema: public; Owner: arenapadel
--

COPY public.users_user (id, password, last_login, is_superuser, username, first_name, last_name, email, is_staff, is_active, date_joined, whatsapp, document_id, document_type) FROM stdin;
2	pbkdf2_sha256$600000$XQJvqYwaq6QmmYMcUevW49$AqiZ66xg3KevgnICnIimzqD1hdytBppk5D0v1efOHM0=	2025-01-19 02:50:20.991969+00	f	testuser	test	user	test@example.com	f	t	2025-01-19 02:50:20.631155+00	+584141234567	V12345678	CI
3	pbkdf2_sha256$600000$dFTPXYYQK7Nw5MW1S26pHt$CdtDOcwmJJFJA0+45lKGbKTivzFnZ281B58hFlHYdhE=	2025-01-20 07:48:49.752612+00	f	testuser2	Test	User2	test2@example.com	f	t	2025-01-20 07:47:27.065749+00	+584141234567	V12345678	CI
1	pbkdf2_sha256$600000$YYhb6nniJbOMPMhMgmSfDW$2oWeMvCq+kc6b3JSJm40PLfioaxpTgFA+OLi+VqPWd8=	2025-01-19 03:12:18.091226+00	t	rubenbe9@gmail.com	Ruben	Bolivar	rubenbe9@gmail.com	t	t	2025-01-18 16:19:50.292178+00	+584141234567	V12345678	CI
\.


--
-- Data for Name: users_user_groups; Type: TABLE DATA; Schema: public; Owner: arenapadel
--

COPY public.users_user_groups (id, user_id, group_id) FROM stdin;
\.


--
-- Data for Name: users_user_user_permissions; Type: TABLE DATA; Schema: public; Owner: arenapadel
--

COPY public.users_user_user_permissions (id, user_id, permission_id) FROM stdin;
\.


--
-- Name: auth_group_id_seq; Type: SEQUENCE SET; Schema: public; Owner: arenapadel
--

SELECT pg_catalog.setval('public.auth_group_id_seq', 1, false);


--
-- Name: auth_group_permissions_id_seq; Type: SEQUENCE SET; Schema: public; Owner: arenapadel
--

SELECT pg_catalog.setval('public.auth_group_permissions_id_seq', 1, false);


--
-- Name: auth_permission_id_seq; Type: SEQUENCE SET; Schema: public; Owner: arenapadel
--

SELECT pg_catalog.setval('public.auth_permission_id_seq', 36, true);


--
-- Name: django_admin_log_id_seq; Type: SEQUENCE SET; Schema: public; Owner: arenapadel
--

SELECT pg_catalog.setval('public.django_admin_log_id_seq', 2, true);


--
-- Name: django_content_type_id_seq; Type: SEQUENCE SET; Schema: public; Owner: arenapadel
--

SELECT pg_catalog.setval('public.django_content_type_id_seq', 9, true);


--
-- Name: django_migrations_id_seq; Type: SEQUENCE SET; Schema: public; Owner: arenapadel
--

SELECT pg_catalog.setval('public.django_migrations_id_seq', 25, true);


--
-- Name: payments_payment_id_seq; Type: SEQUENCE SET; Schema: public; Owner: arenapadel
--

SELECT pg_catalog.setval('public.payments_payment_id_seq', 1, false);


--
-- Name: reservations_court_id_seq; Type: SEQUENCE SET; Schema: public; Owner: arenapadel
--

SELECT pg_catalog.setval('public.reservations_court_id_seq', 12, true);


--
-- Name: reservations_reservation_id_seq; Type: SEQUENCE SET; Schema: public; Owner: arenapadel
--

SELECT pg_catalog.setval('public.reservations_reservation_id_seq', 27, true);


--
-- Name: users_user_groups_id_seq; Type: SEQUENCE SET; Schema: public; Owner: arenapadel
--

SELECT pg_catalog.setval('public.users_user_groups_id_seq', 1, false);


--
-- Name: users_user_id_seq; Type: SEQUENCE SET; Schema: public; Owner: arenapadel
--

SELECT pg_catalog.setval('public.users_user_id_seq', 3, true);


--
-- Name: users_user_user_permissions_id_seq; Type: SEQUENCE SET; Schema: public; Owner: arenapadel
--

SELECT pg_catalog.setval('public.users_user_user_permissions_id_seq', 1, false);


--
-- Name: auth_group auth_group_name_key; Type: CONSTRAINT; Schema: public; Owner: arenapadel
--

ALTER TABLE ONLY public.auth_group
    ADD CONSTRAINT auth_group_name_key UNIQUE (name);


--
-- Name: auth_group_permissions auth_group_permissions_group_id_permission_id_0cd325b0_uniq; Type: CONSTRAINT; Schema: public; Owner: arenapadel
--

ALTER TABLE ONLY public.auth_group_permissions
    ADD CONSTRAINT auth_group_permissions_group_id_permission_id_0cd325b0_uniq UNIQUE (group_id, permission_id);


--
-- Name: auth_group_permissions auth_group_permissions_pkey; Type: CONSTRAINT; Schema: public; Owner: arenapadel
--

ALTER TABLE ONLY public.auth_group_permissions
    ADD CONSTRAINT auth_group_permissions_pkey PRIMARY KEY (id);


--
-- Name: auth_group auth_group_pkey; Type: CONSTRAINT; Schema: public; Owner: arenapadel
--

ALTER TABLE ONLY public.auth_group
    ADD CONSTRAINT auth_group_pkey PRIMARY KEY (id);


--
-- Name: auth_permission auth_permission_content_type_id_codename_01ab375a_uniq; Type: CONSTRAINT; Schema: public; Owner: arenapadel
--

ALTER TABLE ONLY public.auth_permission
    ADD CONSTRAINT auth_permission_content_type_id_codename_01ab375a_uniq UNIQUE (content_type_id, codename);


--
-- Name: auth_permission auth_permission_pkey; Type: CONSTRAINT; Schema: public; Owner: arenapadel
--

ALTER TABLE ONLY public.auth_permission
    ADD CONSTRAINT auth_permission_pkey PRIMARY KEY (id);


--
-- Name: django_admin_log django_admin_log_pkey; Type: CONSTRAINT; Schema: public; Owner: arenapadel
--

ALTER TABLE ONLY public.django_admin_log
    ADD CONSTRAINT django_admin_log_pkey PRIMARY KEY (id);


--
-- Name: django_content_type django_content_type_app_label_model_76bd3d3b_uniq; Type: CONSTRAINT; Schema: public; Owner: arenapadel
--

ALTER TABLE ONLY public.django_content_type
    ADD CONSTRAINT django_content_type_app_label_model_76bd3d3b_uniq UNIQUE (app_label, model);


--
-- Name: django_content_type django_content_type_pkey; Type: CONSTRAINT; Schema: public; Owner: arenapadel
--

ALTER TABLE ONLY public.django_content_type
    ADD CONSTRAINT django_content_type_pkey PRIMARY KEY (id);


--
-- Name: django_migrations django_migrations_pkey; Type: CONSTRAINT; Schema: public; Owner: arenapadel
--

ALTER TABLE ONLY public.django_migrations
    ADD CONSTRAINT django_migrations_pkey PRIMARY KEY (id);


--
-- Name: django_session django_session_pkey; Type: CONSTRAINT; Schema: public; Owner: arenapadel
--

ALTER TABLE ONLY public.django_session
    ADD CONSTRAINT django_session_pkey PRIMARY KEY (session_key);


--
-- Name: payments_payment payments_payment_pkey; Type: CONSTRAINT; Schema: public; Owner: arenapadel
--

ALTER TABLE ONLY public.payments_payment
    ADD CONSTRAINT payments_payment_pkey PRIMARY KEY (id);


--
-- Name: reservations_court reservations_court_number_key; Type: CONSTRAINT; Schema: public; Owner: arenapadel
--

ALTER TABLE ONLY public.reservations_court
    ADD CONSTRAINT reservations_court_number_key UNIQUE (number);


--
-- Name: reservations_court reservations_court_pkey; Type: CONSTRAINT; Schema: public; Owner: arenapadel
--

ALTER TABLE ONLY public.reservations_court
    ADD CONSTRAINT reservations_court_pkey PRIMARY KEY (id);


--
-- Name: reservations_reservation reservations_reservation_pkey; Type: CONSTRAINT; Schema: public; Owner: arenapadel
--

ALTER TABLE ONLY public.reservations_reservation
    ADD CONSTRAINT reservations_reservation_pkey PRIMARY KEY (id);


--
-- Name: users_user_groups users_user_groups_pkey; Type: CONSTRAINT; Schema: public; Owner: arenapadel
--

ALTER TABLE ONLY public.users_user_groups
    ADD CONSTRAINT users_user_groups_pkey PRIMARY KEY (id);


--
-- Name: users_user_groups users_user_groups_user_id_group_id_b88eab82_uniq; Type: CONSTRAINT; Schema: public; Owner: arenapadel
--

ALTER TABLE ONLY public.users_user_groups
    ADD CONSTRAINT users_user_groups_user_id_group_id_b88eab82_uniq UNIQUE (user_id, group_id);


--
-- Name: users_user users_user_pkey; Type: CONSTRAINT; Schema: public; Owner: arenapadel
--

ALTER TABLE ONLY public.users_user
    ADD CONSTRAINT users_user_pkey PRIMARY KEY (id);


--
-- Name: users_user_user_permissions users_user_user_permissions_pkey; Type: CONSTRAINT; Schema: public; Owner: arenapadel
--

ALTER TABLE ONLY public.users_user_user_permissions
    ADD CONSTRAINT users_user_user_permissions_pkey PRIMARY KEY (id);


--
-- Name: users_user_user_permissions users_user_user_permissions_user_id_permission_id_43338c45_uniq; Type: CONSTRAINT; Schema: public; Owner: arenapadel
--

ALTER TABLE ONLY public.users_user_user_permissions
    ADD CONSTRAINT users_user_user_permissions_user_id_permission_id_43338c45_uniq UNIQUE (user_id, permission_id);


--
-- Name: users_user users_user_username_key; Type: CONSTRAINT; Schema: public; Owner: arenapadel
--

ALTER TABLE ONLY public.users_user
    ADD CONSTRAINT users_user_username_key UNIQUE (username);


--
-- Name: auth_group_name_a6ea08ec_like; Type: INDEX; Schema: public; Owner: arenapadel
--

CREATE INDEX auth_group_name_a6ea08ec_like ON public.auth_group USING btree (name varchar_pattern_ops);


--
-- Name: auth_group_permissions_group_id_b120cbf9; Type: INDEX; Schema: public; Owner: arenapadel
--

CREATE INDEX auth_group_permissions_group_id_b120cbf9 ON public.auth_group_permissions USING btree (group_id);


--
-- Name: auth_group_permissions_permission_id_84c5c92e; Type: INDEX; Schema: public; Owner: arenapadel
--

CREATE INDEX auth_group_permissions_permission_id_84c5c92e ON public.auth_group_permissions USING btree (permission_id);


--
-- Name: auth_permission_content_type_id_2f476e4b; Type: INDEX; Schema: public; Owner: arenapadel
--

CREATE INDEX auth_permission_content_type_id_2f476e4b ON public.auth_permission USING btree (content_type_id);


--
-- Name: django_admin_log_content_type_id_c4bce8eb; Type: INDEX; Schema: public; Owner: arenapadel
--

CREATE INDEX django_admin_log_content_type_id_c4bce8eb ON public.django_admin_log USING btree (content_type_id);


--
-- Name: django_admin_log_user_id_c564eba6; Type: INDEX; Schema: public; Owner: arenapadel
--

CREATE INDEX django_admin_log_user_id_c564eba6 ON public.django_admin_log USING btree (user_id);


--
-- Name: django_session_expire_date_a5c62663; Type: INDEX; Schema: public; Owner: arenapadel
--

CREATE INDEX django_session_expire_date_a5c62663 ON public.django_session USING btree (expire_date);


--
-- Name: django_session_session_key_c0390e0f_like; Type: INDEX; Schema: public; Owner: arenapadel
--

CREATE INDEX django_session_session_key_c0390e0f_like ON public.django_session USING btree (session_key varchar_pattern_ops);


--
-- Name: payments_payment_reservation_id_bf2a3267; Type: INDEX; Schema: public; Owner: arenapadel
--

CREATE INDEX payments_payment_reservation_id_bf2a3267 ON public.payments_payment USING btree (reservation_id);


--
-- Name: payments_payment_user_id_f9db060a; Type: INDEX; Schema: public; Owner: arenapadel
--

CREATE INDEX payments_payment_user_id_f9db060a ON public.payments_payment USING btree (user_id);


--
-- Name: reservations_reservation_court_id_4ea9f77e; Type: INDEX; Schema: public; Owner: arenapadel
--

CREATE INDEX reservations_reservation_court_id_4ea9f77e ON public.reservations_reservation USING btree (court_id);


--
-- Name: reservations_reservation_user_id_6ed5b1c9; Type: INDEX; Schema: public; Owner: arenapadel
--

CREATE INDEX reservations_reservation_user_id_6ed5b1c9 ON public.reservations_reservation USING btree (user_id);


--
-- Name: users_user_groups_group_id_9afc8d0e; Type: INDEX; Schema: public; Owner: arenapadel
--

CREATE INDEX users_user_groups_group_id_9afc8d0e ON public.users_user_groups USING btree (group_id);


--
-- Name: users_user_groups_user_id_5f6f5a90; Type: INDEX; Schema: public; Owner: arenapadel
--

CREATE INDEX users_user_groups_user_id_5f6f5a90 ON public.users_user_groups USING btree (user_id);


--
-- Name: users_user_user_permissions_permission_id_0b93982e; Type: INDEX; Schema: public; Owner: arenapadel
--

CREATE INDEX users_user_user_permissions_permission_id_0b93982e ON public.users_user_user_permissions USING btree (permission_id);


--
-- Name: users_user_user_permissions_user_id_20aca447; Type: INDEX; Schema: public; Owner: arenapadel
--

CREATE INDEX users_user_user_permissions_user_id_20aca447 ON public.users_user_user_permissions USING btree (user_id);


--
-- Name: users_user_username_06e46fe6_like; Type: INDEX; Schema: public; Owner: arenapadel
--

CREATE INDEX users_user_username_06e46fe6_like ON public.users_user USING btree (username varchar_pattern_ops);


--
-- Name: auth_group_permissions auth_group_permissio_permission_id_84c5c92e_fk_auth_perm; Type: FK CONSTRAINT; Schema: public; Owner: arenapadel
--

ALTER TABLE ONLY public.auth_group_permissions
    ADD CONSTRAINT auth_group_permissio_permission_id_84c5c92e_fk_auth_perm FOREIGN KEY (permission_id) REFERENCES public.auth_permission(id) DEFERRABLE INITIALLY DEFERRED;


--
-- Name: auth_group_permissions auth_group_permissions_group_id_b120cbf9_fk_auth_group_id; Type: FK CONSTRAINT; Schema: public; Owner: arenapadel
--

ALTER TABLE ONLY public.auth_group_permissions
    ADD CONSTRAINT auth_group_permissions_group_id_b120cbf9_fk_auth_group_id FOREIGN KEY (group_id) REFERENCES public.auth_group(id) DEFERRABLE INITIALLY DEFERRED;


--
-- Name: auth_permission auth_permission_content_type_id_2f476e4b_fk_django_co; Type: FK CONSTRAINT; Schema: public; Owner: arenapadel
--

ALTER TABLE ONLY public.auth_permission
    ADD CONSTRAINT auth_permission_content_type_id_2f476e4b_fk_django_co FOREIGN KEY (content_type_id) REFERENCES public.django_content_type(id) DEFERRABLE INITIALLY DEFERRED;


--
-- Name: django_admin_log django_admin_log_content_type_id_c4bce8eb_fk_django_co; Type: FK CONSTRAINT; Schema: public; Owner: arenapadel
--

ALTER TABLE ONLY public.django_admin_log
    ADD CONSTRAINT django_admin_log_content_type_id_c4bce8eb_fk_django_co FOREIGN KEY (content_type_id) REFERENCES public.django_content_type(id) DEFERRABLE INITIALLY DEFERRED;


--
-- Name: django_admin_log django_admin_log_user_id_c564eba6_fk_users_user_id; Type: FK CONSTRAINT; Schema: public; Owner: arenapadel
--

ALTER TABLE ONLY public.django_admin_log
    ADD CONSTRAINT django_admin_log_user_id_c564eba6_fk_users_user_id FOREIGN KEY (user_id) REFERENCES public.users_user(id) DEFERRABLE INITIALLY DEFERRED;


--
-- Name: payments_payment payments_payment_reservation_id_bf2a3267_fk_reservati; Type: FK CONSTRAINT; Schema: public; Owner: arenapadel
--

ALTER TABLE ONLY public.payments_payment
    ADD CONSTRAINT payments_payment_reservation_id_bf2a3267_fk_reservati FOREIGN KEY (reservation_id) REFERENCES public.reservations_reservation(id) DEFERRABLE INITIALLY DEFERRED;


--
-- Name: payments_payment payments_payment_user_id_f9db060a_fk_users_user_id; Type: FK CONSTRAINT; Schema: public; Owner: arenapadel
--

ALTER TABLE ONLY public.payments_payment
    ADD CONSTRAINT payments_payment_user_id_f9db060a_fk_users_user_id FOREIGN KEY (user_id) REFERENCES public.users_user(id) DEFERRABLE INITIALLY DEFERRED;


--
-- Name: reservations_reservation reservations_reserva_court_id_4ea9f77e_fk_reservati; Type: FK CONSTRAINT; Schema: public; Owner: arenapadel
--

ALTER TABLE ONLY public.reservations_reservation
    ADD CONSTRAINT reservations_reserva_court_id_4ea9f77e_fk_reservati FOREIGN KEY (court_id) REFERENCES public.reservations_court(id) DEFERRABLE INITIALLY DEFERRED;


--
-- Name: reservations_reservation reservations_reservation_user_id_6ed5b1c9_fk_users_user_id; Type: FK CONSTRAINT; Schema: public; Owner: arenapadel
--

ALTER TABLE ONLY public.reservations_reservation
    ADD CONSTRAINT reservations_reservation_user_id_6ed5b1c9_fk_users_user_id FOREIGN KEY (user_id) REFERENCES public.users_user(id) DEFERRABLE INITIALLY DEFERRED;


--
-- Name: users_user_groups users_user_groups_group_id_9afc8d0e_fk_auth_group_id; Type: FK CONSTRAINT; Schema: public; Owner: arenapadel
--

ALTER TABLE ONLY public.users_user_groups
    ADD CONSTRAINT users_user_groups_group_id_9afc8d0e_fk_auth_group_id FOREIGN KEY (group_id) REFERENCES public.auth_group(id) DEFERRABLE INITIALLY DEFERRED;


--
-- Name: users_user_groups users_user_groups_user_id_5f6f5a90_fk_users_user_id; Type: FK CONSTRAINT; Schema: public; Owner: arenapadel
--

ALTER TABLE ONLY public.users_user_groups
    ADD CONSTRAINT users_user_groups_user_id_5f6f5a90_fk_users_user_id FOREIGN KEY (user_id) REFERENCES public.users_user(id) DEFERRABLE INITIALLY DEFERRED;


--
-- Name: users_user_user_permissions users_user_user_perm_permission_id_0b93982e_fk_auth_perm; Type: FK CONSTRAINT; Schema: public; Owner: arenapadel
--

ALTER TABLE ONLY public.users_user_user_permissions
    ADD CONSTRAINT users_user_user_perm_permission_id_0b93982e_fk_auth_perm FOREIGN KEY (permission_id) REFERENCES public.auth_permission(id) DEFERRABLE INITIALLY DEFERRED;


--
-- Name: users_user_user_permissions users_user_user_permissions_user_id_20aca447_fk_users_user_id; Type: FK CONSTRAINT; Schema: public; Owner: arenapadel
--

ALTER TABLE ONLY public.users_user_user_permissions
    ADD CONSTRAINT users_user_user_permissions_user_id_20aca447_fk_users_user_id FOREIGN KEY (user_id) REFERENCES public.users_user(id) DEFERRABLE INITIALLY DEFERRED;


--
-- PostgreSQL database dump complete
--

